Iteration,Blue Action,Blue Observation,Blue Reward,Red Action,Red Observation,Red Reward
0,DecoyFemitter User2,"{'success': <TrinaryEnum.TRUE: 1>, 'User2': {'Processes': [{'PID': 12122, 'PPID': 1, 'Service Name': 'femitter', 'Username': 'SYSTEM'}]}}",0.0,DiscoverRemoteSystems user_subnet,"{'success': <TrinaryEnum.TRUE: 1>, '10.0.214.186': {'Interface': [{'IP Address': IPv4Address('10.0.214.186'), 'Subnet': IPv4Network('10.0.214.176/28')}]}, '10.0.214.187': {'Interface': [{'IP Address': IPv4Address('10.0.214.187'), 'Subnet': IPv4Network('10.0.214.176/28')}]}, '10.0.214.182': {'Interface': [{'IP Address': IPv4Address('10.0.214.182'), 'Subnet': IPv4Network('10.0.214.176/28')}]}, '10.0.214.180': {'Interface': [{'IP Address': IPv4Address('10.0.214.180'), 'Subnet': IPv4Network('10.0.214.176/28')}]}, '10.0.214.189': {'Interface': [{'IP Address': IPv4Address('10.0.214.189'), 'Subnet': IPv4Network('10.0.214.176/28')}]}}",-0.0
1,DecoyTomcat User2,"{'success': <TrinaryEnum.TRUE: 1>, 'User2': {'Processes': [{'PID': 13800, 'PPID': 1, 'Service Name': 'tomcat', 'Username': 'ubuntu', 'Properties': ['rfi']}]}, 'User1': {'Processes': [{'Connections': [{'local_port': 22, 'remote_port': 49525, 'local_address': IPv4Address('10.0.214.187'), 'remote_address': IPv4Address('10.0.214.186')}]}, {'Connections': [{'local_port': 21, 'remote_port': 58068, 'local_address': IPv4Address('10.0.214.187'), 'remote_address': IPv4Address('10.0.214.186')}]}], 'Interface': [{'IP Address': IPv4Address('10.0.214.187')}], 'System info': {'Hostname': 'User1', 'OSType': <OperatingSystemType.WINDOWS: 2>, 'OSDistribution': <OperatingSystemDistribution.WINDOWS_SVR_2008: 4>, 'OSVersion': <OperatingSystemVersion.W6_1_7601: 13>, 'Architecture': <Architecture.x64: 2>}}}",0.0,DiscoverNetworkServices User1,"{'success': <TrinaryEnum.TRUE: 1>, '10.0.214.187': {'Processes': [{'Connections': [{'local_port': 22, 'local_address': IPv4Address('10.0.214.187')}]}, {'Connections': [{'local_port': 21, 'local_address': IPv4Address('10.0.214.187')}]}], 'Interface': [{'IP Address': IPv4Address('10.0.214.187')}]}}",-0.0
2,DecoyHarakaSMPT Enterprise0,"{'success': <TrinaryEnum.TRUE: 1>, 'Enterprise0': {'Processes': [{'PID': 17034, 'PPID': 1, 'Service Name': 'haraka', 'Username': 'ubuntu'}]}, 'User1': {'Processes': [{'Connections': [{'local_port': 21, 'remote_port': 54084, 'local_address': IPv4Address('10.0.214.187'), 'remote_address': IPv4Address('10.0.214.186')}]}, {'PID': 28578, 'Connections': [{'local_port': 54891, 'remote_port': 4444, 'local_address': IPv4Address('10.0.214.187'), 'remote_address': IPv4Address('10.0.214.186')}]}], 'Interface': [{'IP Address': IPv4Address('10.0.214.187')}], 'System info': {'Hostname': 'User1', 'OSType': <OperatingSystemType.WINDOWS: 2>, 'OSDistribution': <OperatingSystemDistribution.WINDOWS_SVR_2008: 4>, 'OSVersion': <OperatingSystemVersion.W6_1_7601: 13>, 'Architecture': <Architecture.x64: 2>}}}",-0.1,ExploitRemoteService User1,"{'success': <TrinaryEnum.TRUE: 1>, '10.0.214.186': {'Processes': [{'Connections': [{'local_port': 4444, 'remote_port': 54891, 'local_address': IPv4Address('10.0.214.186'), 'remote_address': IPv4Address('10.0.214.187')}], 'Process Type': <ProcessType.REVERSE_SESSION_HANDLER: 10>}], 'Interface': [{'IP Address': IPv4Address('10.0.214.186')}]}, '10.0.214.187': {'Processes': [{'Connections': [{'local_port': 54891, 'remote_port': 4444, 'local_address': IPv4Address('10.0.214.187'), 'remote_address': IPv4Address('10.0.214.186')}], 'Process Type': <ProcessType.REVERSE_SESSION: 11>}, {'Connections': [{'local_port': 21, 'local_address': IPv4Address('10.0.214.187'), 'Status': <ProcessState.OPEN: 2>}], 'Process Type': <ProcessType.FEMITTER: 6>}], 'Interface': [{'IP Address': IPv4Address('10.0.214.187')}], 'Sessions': [{'ID': 1, 'Type': <SessionType.RED_REVERSE_SHELL: 11>, 'Agent': 'Red'}], 'System info': {'Hostname': 'User1', 'OSType': <OperatingSystemType.WINDOWS: 2>}}}",0.1
3,DecoyFemitter Enterprise1,"{'success': <TrinaryEnum.TRUE: 1>, 'Enterprise1': {'Processes': [{'PID': 6613, 'PPID': 1, 'Service Name': 'femitter', 'Username': 'SYSTEM'}]}}",-0.1,PrivilegeEscalate User1,"{'success': <TrinaryEnum.TRUE: 1>, 'User1': {'Sessions': [{'Username': 'SYSTEM', 'ID': 1, 'Timeout': 0, 'PID': 28578, 'Type': <SessionType.RED_REVERSE_SHELL: 11>, 'Agent': 'Red'}], 'Processes': [{'PID': 28578, 'Username': 'SYSTEM'}], 'Interface': [{'Interface Name': 'eth0', 'IP Address': IPv4Address('10.0.214.187'), 'Subnet': IPv4Network('10.0.214.176/28')}]}, 'Enterprise1': {'Interface': [{'IP Address': IPv4Address('10.0.120.158')}]}}",0.1
4,Analyse User2,"{'success': <TrinaryEnum.TRUE: 1>, 'Enterprise1': {'Processes': [{'Connections': [{'local_port': 22, 'remote_port': 52418, 'local_address': IPv4Address('10.0.120.158'), 'remote_address': IPv4Address('10.0.214.186')}]}, {'Connections': [{'local_port': 135, 'remote_port': 53414, 'local_address': IPv4Address('10.0.120.158'), 'remote_address': IPv4Address('10.0.214.186')}]}, {'Connections': [{'local_port': 3389, 'remote_port': 55026, 'local_address': IPv4Address('10.0.120.158'), 'remote_address': IPv4Address('10.0.214.186')}]}, {'Connections': [{'local_port': 445, 'remote_port': 56856, 'local_address': IPv4Address('10.0.120.158'), 'remote_address': IPv4Address('10.0.214.186')}]}, {'Connections': [{'local_port': 139, 'remote_port': 58487, 'local_address': IPv4Address('10.0.120.158'), 'remote_address': IPv4Address('10.0.214.186')}]}, {'Connections': [{'local_port': 80, 'remote_port': 51927, 'local_address': IPv4Address('10.0.120.158'), 'remote_address': IPv4Address('10.0.214.186')}]}, {'Connections': [{'local_port': 443, 'remote_port': 52484, 'local_address': IPv4Address('10.0.120.158'), 'remote_address': IPv4Address('10.0.214.186')}]}, {'Connections': [{'local_port': 21, 'remote_port': 50103, 'local_address': IPv4Address('10.0.120.158'), 'remote_address': IPv4Address('10.0.214.186')}]}], 'Interface': [{'IP Address': IPv4Address('10.0.120.158')}], 'System info': {'Hostname': 'Enterprise1', 'OSType': <OperatingSystemType.WINDOWS: 2>, 'OSDistribution': <OperatingSystemDistribution.WINDOWS_SVR_2008: 4>, 'OSVersion': <OperatingSystemVersion.W6_1_7601: 13>, 'Architecture': <Architecture.x64: 2>}}}",-0.1,DiscoverNetworkServices Enterprise1,"{'success': <TrinaryEnum.TRUE: 1>, '10.0.120.158': {'Processes': [{'Connections': [{'local_port': 22, 'local_address': IPv4Address('10.0.120.158')}]}, {'Connections': [{'local_port': 135, 'local_address': IPv4Address('10.0.120.158')}]}, {'Connections': [{'local_port': 3389, 'local_address': IPv4Address('10.0.120.158')}]}, {'Connections': [{'local_port': 445, 'local_address': IPv4Address('10.0.120.158')}]}, {'Connections': [{'local_port': 139, 'local_address': IPv4Address('10.0.120.158')}]}, {'Connections': [{'local_port': 80, 'local_address': IPv4Address('10.0.120.158')}]}, {'Connections': [{'local_port': 443, 'local_address': IPv4Address('10.0.120.158')}]}, {'Connections': [{'local_port': 21, 'local_address': IPv4Address('10.0.120.158')}]}], 'Interface': [{'IP Address': IPv4Address('10.0.120.158')}]}}",0.1
5,Remove User3,"{'success': <TrinaryEnum.TRUE: 1>, 'Enterprise1': {'Processes': [{'Connections': [{'local_port': 21, 'remote_port': 53259, 'local_address': IPv4Address('10.0.120.158'), 'remote_address': IPv4Address('10.0.214.186')}]}, {'Connections': [{'local_port': 21, 'local_address': IPv4Address('10.0.120.158'), 'remote_address': IPv4Address('10.0.214.186')}]}], 'Interface': [{'IP Address': IPv4Address('10.0.120.158')}], 'System info': {'Hostname': 'Enterprise1', 'OSType': <OperatingSystemType.WINDOWS: 2>, 'OSDistribution': <OperatingSystemDistribution.WINDOWS_SVR_2008: 4>, 'OSVersion': <OperatingSystemVersion.W6_1_7601: 13>, 'Architecture': <Architecture.x64: 2>}}}",-0.1,ExploitRemoteService Enterprise1,"{'success': <TrinaryEnum.FALSE: 3>, '1': {'Interface': [{'IP Address': IPv4Address('10.0.120.158')}]}, '10.0.120.158': {'Processes': [{'Connections': [{'local_port': 21, 'local_address': IPv4Address('10.0.120.158'), 'Status': <ProcessState.OPEN: 2>}], 'Process Type': <ProcessType.FEMITTER: 6>}], 'Interface': [{'IP Address': IPv4Address('10.0.120.158')}]}}",0.1
6,Remove User3,"{'success': <TrinaryEnum.TRUE: 1>, 'User1': {'Processes': [{'Connections': [{'local_port': 21, 'remote_port': 52016, 'local_address': IPv4Address('10.0.214.187'), 'remote_address': IPv4Address('10.0.214.186')}]}, {'PID': 30908, 'Connections': [{'local_port': 49368, 'remote_port': 4444, 'local_address': IPv4Address('10.0.214.187'), 'remote_address': IPv4Address('10.0.214.186')}]}], 'Interface': [{'IP Address': IPv4Address('10.0.214.187')}], 'System info': {'Hostname': 'User1', 'OSType': <OperatingSystemType.WINDOWS: 2>, 'OSDistribution': <OperatingSystemDistribution.WINDOWS_SVR_2008: 4>, 'OSVersion': <OperatingSystemVersion.W6_1_7601: 13>, 'Architecture': <Architecture.x64: 2>}}}",-0.1,ExploitRemoteService User1,"{'success': <TrinaryEnum.TRUE: 1>, '10.0.214.186': {'Processes': [{'Connections': [{'local_port': 4444, 'remote_port': 49368, 'local_address': IPv4Address('10.0.214.186'), 'remote_address': IPv4Address('10.0.214.187')}], 'Process Type': <ProcessType.REVERSE_SESSION_HANDLER: 10>}], 'Interface': [{'IP Address': IPv4Address('10.0.214.186')}]}, '10.0.214.187': {'Processes': [{'Connections': [{'local_port': 49368, 'remote_port': 4444, 'local_address': IPv4Address('10.0.214.187'), 'remote_address': IPv4Address('10.0.214.186')}], 'Process Type': <ProcessType.REVERSE_SESSION: 11>}, {'Connections': [{'local_port': 21, 'local_address': IPv4Address('10.0.214.187'), 'Status': <ProcessState.OPEN: 2>}], 'Process Type': <ProcessType.FEMITTER: 6>}], 'Interface': [{'IP Address': IPv4Address('10.0.214.187')}], 'Sessions': [{'ID': 2, 'Type': <SessionType.RED_REVERSE_SHELL: 11>, 'Agent': 'Red'}], 'System info': {'Hostname': 'User1', 'OSType': <OperatingSystemType.WINDOWS: 2>}}}",0.1
7,Remove User3,{'success': <TrinaryEnum.TRUE: 1>},-0.1,PrivilegeEscalate User1,"{'success': <TrinaryEnum.TRUE: 1>, 'User1': {'Sessions': [{'Username': 'SYSTEM', 'ID': 1, 'Timeout': 0, 'PID': 28578, 'Type': <SessionType.RED_REVERSE_SHELL: 11>, 'Agent': 'Red'}], 'Processes': [{'PID': 28578, 'Username': 'SYSTEM'}], 'Interface': [{'Interface Name': 'eth0', 'IP Address': IPv4Address('10.0.214.187'), 'Subnet': IPv4Network('10.0.214.176/28')}]}, 'Enterprise1': {'Interface': [{'IP Address': IPv4Address('10.0.120.158')}]}}",0.1
8,Remove User3,"{'success': <TrinaryEnum.TRUE: 1>, 'Enterprise1': {'Processes': [{'Connections': [{'local_port': 22, 'remote_port': 55519, 'local_address': IPv4Address('10.0.120.158'), 'remote_address': IPv4Address('10.0.214.186')}]}, {'Connections': [{'local_port': 135, 'remote_port': 59926, 'local_address': IPv4Address('10.0.120.158'), 'remote_address': IPv4Address('10.0.214.186')}]}, {'Connections': [{'local_port': 3389, 'remote_port': 53263, 'local_address': IPv4Address('10.0.120.158'), 'remote_address': IPv4Address('10.0.214.186')}]}, {'Connections': [{'local_port': 445, 'remote_port': 51665, 'local_address': IPv4Address('10.0.120.158'), 'remote_address': IPv4Address('10.0.214.186')}]}, {'Connections': [{'local_port': 139, 'remote_port': 58336, 'local_address': IPv4Address('10.0.120.158'), 'remote_address': IPv4Address('10.0.214.186')}]}, {'Connections': [{'local_port': 80, 'remote_port': 49355, 'local_address': IPv4Address('10.0.120.158'), 'remote_address': IPv4Address('10.0.214.186')}]}, {'Connections': [{'local_port': 443, 'remote_port': 56655, 'local_address': IPv4Address('10.0.120.158'), 'remote_address': IPv4Address('10.0.214.186')}]}, {'Connections': [{'local_port': 21, 'remote_port': 50447, 'local_address': IPv4Address('10.0.120.158'), 'remote_address': IPv4Address('10.0.214.186')}]}], 'Interface': [{'IP Address': IPv4Address('10.0.120.158')}], 'System info': {'Hostname': 'Enterprise1', 'OSType': <OperatingSystemType.WINDOWS: 2>, 'OSDistribution': <OperatingSystemDistribution.WINDOWS_SVR_2008: 4>, 'OSVersion': <OperatingSystemVersion.W6_1_7601: 13>, 'Architecture': <Architecture.x64: 2>}}}",-0.1,DiscoverNetworkServices Enterprise1,"{'success': <TrinaryEnum.TRUE: 1>, '10.0.120.158': {'Processes': [{'Connections': [{'local_port': 22, 'local_address': IPv4Address('10.0.120.158')}]}, {'Connections': [{'local_port': 135, 'local_address': IPv4Address('10.0.120.158')}]}, {'Connections': [{'local_port': 3389, 'local_address': IPv4Address('10.0.120.158')}]}, {'Connections': [{'local_port': 445, 'local_address': IPv4Address('10.0.120.158')}]}, {'Connections': [{'local_port': 139, 'local_address': IPv4Address('10.0.120.158')}]}, {'Connections': [{'local_port': 80, 'local_address': IPv4Address('10.0.120.158')}]}, {'Connections': [{'local_port': 443, 'local_address': IPv4Address('10.0.120.158')}]}, {'Connections': [{'local_port': 21, 'local_address': IPv4Address('10.0.120.158')}]}], 'Interface': [{'IP Address': IPv4Address('10.0.120.158')}]}}",0.1
9,Remove User3,"{'success': <TrinaryEnum.TRUE: 1>, 'Enterprise1': {'Processes': [{'Connections': [{'local_port': 21, 'remote_port': 51361, 'local_address': IPv4Address('10.0.120.158'), 'remote_address': IPv4Address('10.0.214.186')}]}, {'Connections': [{'local_port': 21, 'local_address': IPv4Address('10.0.120.158'), 'remote_address': IPv4Address('10.0.214.186')}]}], 'Interface': [{'IP Address': IPv4Address('10.0.120.158')}], 'System info': {'Hostname': 'Enterprise1', 'OSType': <OperatingSystemType.WINDOWS: 2>, 'OSDistribution': <OperatingSystemDistribution.WINDOWS_SVR_2008: 4>, 'OSVersion': <OperatingSystemVersion.W6_1_7601: 13>, 'Architecture': <Architecture.x64: 2>}}}",-0.1,ExploitRemoteService Enterprise1,"{'success': <TrinaryEnum.FALSE: 3>, '1': {'Interface': [{'IP Address': IPv4Address('10.0.120.158')}]}, '10.0.120.158': {'Processes': [{'Connections': [{'local_port': 21, 'local_address': IPv4Address('10.0.120.158'), 'Status': <ProcessState.OPEN: 2>}], 'Process Type': <ProcessType.FEMITTER: 6>}], 'Interface': [{'IP Address': IPv4Address('10.0.120.158')}]}}",0.1
10,Remove User3,"{'success': <TrinaryEnum.TRUE: 1>, 'User1': {'Processes': [{'Connections': [{'local_port': 21, 'remote_port': 59148, 'local_address': IPv4Address('10.0.214.187'), 'remote_address': IPv4Address('10.0.214.186')}]}, {'PID': 23540, 'Connections': [{'local_port': 53868, 'remote_port': 4444, 'local_address': IPv4Address('10.0.214.187'), 'remote_address': IPv4Address('10.0.214.186')}]}], 'Interface': [{'IP Address': IPv4Address('10.0.214.187')}], 'System info': {'Hostname': 'User1', 'OSType': <OperatingSystemType.WINDOWS: 2>, 'OSDistribution': <OperatingSystemDistribution.WINDOWS_SVR_2008: 4>, 'OSVersion': <OperatingSystemVersion.W6_1_7601: 13>, 'Architecture': <Architecture.x64: 2>}}}",-0.1,ExploitRemoteService User1,"{'success': <TrinaryEnum.TRUE: 1>, '10.0.214.186': {'Processes': [{'Connections': [{'local_port': 4444, 'remote_port': 53868, 'local_address': IPv4Address('10.0.214.186'), 'remote_address': IPv4Address('10.0.214.187')}], 'Process Type': <ProcessType.REVERSE_SESSION_HANDLER: 10>}], 'Interface': [{'IP Address': IPv4Address('10.0.214.186')}]}, '10.0.214.187': {'Processes': [{'Connections': [{'local_port': 53868, 'remote_port': 4444, 'local_address': IPv4Address('10.0.214.187'), 'remote_address': IPv4Address('10.0.214.186')}], 'Process Type': <ProcessType.REVERSE_SESSION: 11>}, {'Connections': [{'local_port': 21, 'local_address': IPv4Address('10.0.214.187'), 'Status': <ProcessState.OPEN: 2>}], 'Process Type': <ProcessType.FEMITTER: 6>}], 'Interface': [{'IP Address': IPv4Address('10.0.214.187')}], 'Sessions': [{'ID': 3, 'Type': <SessionType.RED_REVERSE_SHELL: 11>, 'Agent': 'Red'}], 'System info': {'Hostname': 'User1', 'OSType': <OperatingSystemType.WINDOWS: 2>}}}",0.1
11,Remove User3,{'success': <TrinaryEnum.TRUE: 1>},-0.1,PrivilegeEscalate User1,"{'success': <TrinaryEnum.TRUE: 1>, 'User1': {'Sessions': [{'Username': 'SYSTEM', 'ID': 1, 'Timeout': 0, 'PID': 28578, 'Type': <SessionType.RED_REVERSE_SHELL: 11>, 'Agent': 'Red'}], 'Processes': [{'PID': 28578, 'Username': 'SYSTEM'}], 'Interface': [{'Interface Name': 'eth0', 'IP Address': IPv4Address('10.0.214.187'), 'Subnet': IPv4Network('10.0.214.176/28')}]}, 'Enterprise1': {'Interface': [{'IP Address': IPv4Address('10.0.120.158')}]}}",0.1
12,Remove User3,"{'success': <TrinaryEnum.TRUE: 1>, 'Enterprise1': {'Processes': [{'Connections': [{'local_port': 22, 'remote_port': 55509, 'local_address': IPv4Address('10.0.120.158'), 'remote_address': IPv4Address('10.0.214.186')}]}, {'Connections': [{'local_port': 135, 'remote_port': 55941, 'local_address': IPv4Address('10.0.120.158'), 'remote_address': IPv4Address('10.0.214.186')}]}, {'Connections': [{'local_port': 3389, 'remote_port': 59815, 'local_address': IPv4Address('10.0.120.158'), 'remote_address': IPv4Address('10.0.214.186')}]}, {'Connections': [{'local_port': 445, 'remote_port': 50474, 'local_address': IPv4Address('10.0.120.158'), 'remote_address': IPv4Address('10.0.214.186')}]}, {'Connections': [{'local_port': 139, 'remote_port': 49176, 'local_address': IPv4Address('10.0.120.158'), 'remote_address': IPv4Address('10.0.214.186')}]}, {'Connections': [{'local_port': 80, 'remote_port': 58893, 'local_address': IPv4Address('10.0.120.158'), 'remote_address': IPv4Address('10.0.214.186')}]}, {'Connections': [{'local_port': 443, 'remote_port': 52302, 'local_address': IPv4Address('10.0.120.158'), 'remote_address': IPv4Address('10.0.214.186')}]}, {'Connections': [{'local_port': 21, 'remote_port': 54630, 'local_address': IPv4Address('10.0.120.158'), 'remote_address': IPv4Address('10.0.214.186')}]}], 'Interface': [{'IP Address': IPv4Address('10.0.120.158')}], 'System info': {'Hostname': 'Enterprise1', 'OSType': <OperatingSystemType.WINDOWS: 2>, 'OSDistribution': <OperatingSystemDistribution.WINDOWS_SVR_2008: 4>, 'OSVersion': <OperatingSystemVersion.W6_1_7601: 13>, 'Architecture': <Architecture.x64: 2>}}}",-0.1,DiscoverNetworkServices Enterprise1,"{'success': <TrinaryEnum.TRUE: 1>, '10.0.120.158': {'Processes': [{'Connections': [{'local_port': 22, 'local_address': IPv4Address('10.0.120.158')}]}, {'Connections': [{'local_port': 135, 'local_address': IPv4Address('10.0.120.158')}]}, {'Connections': [{'local_port': 3389, 'local_address': IPv4Address('10.0.120.158')}]}, {'Connections': [{'local_port': 445, 'local_address': IPv4Address('10.0.120.158')}]}, {'Connections': [{'local_port': 139, 'local_address': IPv4Address('10.0.120.158')}]}, {'Connections': [{'local_port': 80, 'local_address': IPv4Address('10.0.120.158')}]}, {'Connections': [{'local_port': 443, 'local_address': IPv4Address('10.0.120.158')}]}, {'Connections': [{'local_port': 21, 'local_address': IPv4Address('10.0.120.158')}]}], 'Interface': [{'IP Address': IPv4Address('10.0.120.158')}]}}",0.1
13,Remove User3,"{'success': <TrinaryEnum.TRUE: 1>, 'Enterprise1': {'Processes': [{'Connections': [{'local_port': 21, 'remote_port': 55355, 'local_address': IPv4Address('10.0.120.158'), 'remote_address': IPv4Address('10.0.214.186')}]}, {'Connections': [{'local_port': 21, 'local_address': IPv4Address('10.0.120.158'), 'remote_address': IPv4Address('10.0.214.186')}]}], 'Interface': [{'IP Address': IPv4Address('10.0.120.158')}], 'System info': {'Hostname': 'Enterprise1', 'OSType': <OperatingSystemType.WINDOWS: 2>, 'OSDistribution': <OperatingSystemDistribution.WINDOWS_SVR_2008: 4>, 'OSVersion': <OperatingSystemVersion.W6_1_7601: 13>, 'Architecture': <Architecture.x64: 2>}}}",-0.1,ExploitRemoteService Enterprise1,"{'success': <TrinaryEnum.FALSE: 3>, '1': {'Interface': [{'IP Address': IPv4Address('10.0.120.158')}]}, '10.0.120.158': {'Processes': [{'Connections': [{'local_port': 21, 'local_address': IPv4Address('10.0.120.158'), 'Status': <ProcessState.OPEN: 2>}], 'Process Type': <ProcessType.FEMITTER: 6>}], 'Interface': [{'IP Address': IPv4Address('10.0.120.158')}]}}",0.1
14,Remove User3,"{'success': <TrinaryEnum.TRUE: 1>, 'User1': {'Processes': [{'Connections': [{'local_port': 22, 'remote_port': 58449, 'local_address': IPv4Address('10.0.214.187'), 'remote_address': IPv4Address('10.0.214.186')}]}, {'Connections': [{'local_port': 22, 'remote_port': 56004, 'local_address': IPv4Address('10.0.214.187'), 'remote_address': IPv4Address('10.0.214.186')}]}, {'Connections': [{'local_port': 22, 'remote_port': 49918, 'local_address': IPv4Address('10.0.214.187'), 'remote_address': IPv4Address('10.0.214.186')}]}, {'Connections': [{'local_port': 22, 'remote_port': 51866, 'local_address': IPv4Address('10.0.214.187'), 'remote_address': IPv4Address('10.0.214.186')}]}, {'Connections': [{'local_port': 22, 'remote_port': 56448, 'local_address': IPv4Address('10.0.214.187'), 'remote_address': IPv4Address('10.0.214.186')}]}, {'Connections': [{'local_port': 22, 'remote_port': 50198, 'local_address': IPv4Address('10.0.214.187'), 'remote_address': IPv4Address('10.0.214.186')}]}, {'Connections': [{'local_port': 22, 'remote_port': 53399, 'local_address': IPv4Address('10.0.214.187'), 'remote_address': IPv4Address('10.0.214.186')}]}, {'Connections': [{'local_port': 22, 'remote_port': 51735, 'local_address': IPv4Address('10.0.214.187'), 'remote_address': IPv4Address('10.0.214.186')}]}, {'Connections': [{'local_port': 22, 'remote_port': 56465, 'local_address': IPv4Address('10.0.214.187'), 'remote_address': IPv4Address('10.0.214.186')}]}, {'Connections': [{'local_port': 22, 'remote_port': 57795, 'local_address': IPv4Address('10.0.214.187'), 'remote_address': IPv4Address('10.0.214.186')}]}, {'Connections': [{'local_port': 22, 'remote_port': 58350, 'local_address': IPv4Address('10.0.214.187'), 'remote_address': IPv4Address('10.0.214.186')}]}], 'Interface': [{'IP Address': IPv4Address('10.0.214.187')}], 'System info': {'Hostname': 'User1', 'OSType': <OperatingSystemType.WINDOWS: 2>, 'OSDistribution': <OperatingSystemDistribution.WINDOWS_SVR_2008: 4>, 'OSVersion': <OperatingSystemVersion.W6_1_7601: 13>, 'Architecture': <Architecture.x64: 2>}}}",-0.1,ExploitRemoteService User1,"{'success': <TrinaryEnum.TRUE: 1>, '10.0.214.187': {'Processes': [{'Connections': [{'local_port': 22, 'local_address': IPv4Address('10.0.214.187'), 'Status': <ProcessState.OPEN: 2>}], 'Process Type': <ProcessType.SSH: 2>}, {'Connections': [{'local_port': 22, 'remote_port': 58350, 'local_address': IPv4Address('10.0.214.187'), 'remote_address': IPv4Address('10.0.214.186')}], 'Process Type': <ProcessType.SSH: 2>}], 'Interface': [{'IP Address': IPv4Address('10.0.214.187')}], 'Sessions': [{'Username': 'vagrant', 'ID': 4, 'Type': <SessionType.SSH: 2>, 'Agent': 'Red'}], 'User Info': [{'Username': 'vagrant', 'UID': 'S-1-5-21-1983491181-1743339912-3520046837-1000', 'Password': 'vagrant'}], 'System info': {'Hostname': 'User1', 'OSType': <OperatingSystemType.WINDOWS: 2>}}, '10.0.214.186': {'Processes': [{'Connections': [{'local_port': 58350, 'remote_port': 22, 'local_address': IPv4Address('10.0.214.186'), 'remote_address': IPv4Address('10.0.214.187')}]}], 'Interface': [{'IP Address': IPv4Address('10.0.214.186')}]}}",0.1
15,Remove User3,{'success': <TrinaryEnum.TRUE: 1>},-0.1,PrivilegeEscalate User1,"{'success': <TrinaryEnum.TRUE: 1>, 'User1': {'Sessions': [{'Username': 'SYSTEM', 'ID': 1, 'Timeout': 0, 'PID': 28578, 'Type': <SessionType.RED_REVERSE_SHELL: 11>, 'Agent': 'Red'}], 'Processes': [{'PID': 28578, 'Username': 'SYSTEM'}], 'Interface': [{'Interface Name': 'eth0', 'IP Address': IPv4Address('10.0.214.187'), 'Subnet': IPv4Network('10.0.214.176/28')}]}, 'Enterprise1': {'Interface': [{'IP Address': IPv4Address('10.0.120.158')}]}}",0.1
16,Remove User3,"{'success': <TrinaryEnum.TRUE: 1>, 'Enterprise1': {'Processes': [{'Connections': [{'local_port': 22, 'remote_port': 57255, 'local_address': IPv4Address('10.0.120.158'), 'remote_address': IPv4Address('10.0.214.186')}]}, {'Connections': [{'local_port': 135, 'remote_port': 54492, 'local_address': IPv4Address('10.0.120.158'), 'remote_address': IPv4Address('10.0.214.186')}]}, {'Connections': [{'local_port': 3389, 'remote_port': 54264, 'local_address': IPv4Address('10.0.120.158'), 'remote_address': IPv4Address('10.0.214.186')}]}, {'Connections': [{'local_port': 445, 'remote_port': 56801, 'local_address': IPv4Address('10.0.120.158'), 'remote_address': IPv4Address('10.0.214.186')}]}, {'Connections': [{'local_port': 139, 'remote_port': 49968, 'local_address': IPv4Address('10.0.120.158'), 'remote_address': IPv4Address('10.0.214.186')}]}, {'Connections': [{'local_port': 80, 'remote_port': 55953, 'local_address': IPv4Address('10.0.120.158'), 'remote_address': IPv4Address('10.0.214.186')}]}, {'Connections': [{'local_port': 443, 'remote_port': 52232, 'local_address': IPv4Address('10.0.120.158'), 'remote_address': IPv4Address('10.0.214.186')}]}, {'Connections': [{'local_port': 21, 'remote_port': 58139, 'local_address': IPv4Address('10.0.120.158'), 'remote_address': IPv4Address('10.0.214.186')}]}], 'Interface': [{'IP Address': IPv4Address('10.0.120.158')}], 'System info': {'Hostname': 'Enterprise1', 'OSType': <OperatingSystemType.WINDOWS: 2>, 'OSDistribution': <OperatingSystemDistribution.WINDOWS_SVR_2008: 4>, 'OSVersion': <OperatingSystemVersion.W6_1_7601: 13>, 'Architecture': <Architecture.x64: 2>}}}",-0.1,DiscoverNetworkServices Enterprise1,"{'success': <TrinaryEnum.TRUE: 1>, '10.0.120.158': {'Processes': [{'Connections': [{'local_port': 22, 'local_address': IPv4Address('10.0.120.158')}]}, {'Connections': [{'local_port': 135, 'local_address': IPv4Address('10.0.120.158')}]}, {'Connections': [{'local_port': 3389, 'local_address': IPv4Address('10.0.120.158')}]}, {'Connections': [{'local_port': 445, 'local_address': IPv4Address('10.0.120.158')}]}, {'Connections': [{'local_port': 139, 'local_address': IPv4Address('10.0.120.158')}]}, {'Connections': [{'local_port': 80, 'local_address': IPv4Address('10.0.120.158')}]}, {'Connections': [{'local_port': 443, 'local_address': IPv4Address('10.0.120.158')}]}, {'Connections': [{'local_port': 21, 'local_address': IPv4Address('10.0.120.158')}]}], 'Interface': [{'IP Address': IPv4Address('10.0.120.158')}]}}",0.1
17,Remove User3,"{'success': <TrinaryEnum.TRUE: 1>, 'Enterprise1': {'Processes': [{'Connections': [{'local_port': 21, 'remote_port': 49393, 'local_address': IPv4Address('10.0.120.158'), 'remote_address': IPv4Address('10.0.214.186')}]}, {'Connections': [{'local_port': 21, 'local_address': IPv4Address('10.0.120.158'), 'remote_address': IPv4Address('10.0.214.186')}]}], 'Interface': [{'IP Address': IPv4Address('10.0.120.158')}], 'System info': {'Hostname': 'Enterprise1', 'OSType': <OperatingSystemType.WINDOWS: 2>, 'OSDistribution': <OperatingSystemDistribution.WINDOWS_SVR_2008: 4>, 'OSVersion': <OperatingSystemVersion.W6_1_7601: 13>, 'Architecture': <Architecture.x64: 2>}}}",-0.1,ExploitRemoteService Enterprise1,"{'success': <TrinaryEnum.FALSE: 3>, '1': {'Interface': [{'IP Address': IPv4Address('10.0.120.158')}]}, '10.0.120.158': {'Processes': [{'Connections': [{'local_port': 21, 'local_address': IPv4Address('10.0.120.158'), 'Status': <ProcessState.OPEN: 2>}], 'Process Type': <ProcessType.FEMITTER: 6>}], 'Interface': [{'IP Address': IPv4Address('10.0.120.158')}]}}",0.1
18,Remove User3,"{'success': <TrinaryEnum.TRUE: 1>, 'User1': {'Processes': [{'Connections': [{'local_port': 21, 'remote_port': 49207, 'local_address': IPv4Address('10.0.214.187'), 'remote_address': IPv4Address('10.0.214.186')}]}, {'PID': 936, 'Connections': [{'local_port': 52650, 'remote_port': 4444, 'local_address': IPv4Address('10.0.214.187'), 'remote_address': IPv4Address('10.0.214.186')}]}], 'Interface': [{'IP Address': IPv4Address('10.0.214.187')}], 'System info': {'Hostname': 'User1', 'OSType': <OperatingSystemType.WINDOWS: 2>, 'OSDistribution': <OperatingSystemDistribution.WINDOWS_SVR_2008: 4>, 'OSVersion': <OperatingSystemVersion.W6_1_7601: 13>, 'Architecture': <Architecture.x64: 2>}}}",-0.1,ExploitRemoteService User1,"{'success': <TrinaryEnum.TRUE: 1>, '10.0.214.186': {'Processes': [{'Connections': [{'local_port': 4444, 'remote_port': 52650, 'local_address': IPv4Address('10.0.214.186'), 'remote_address': IPv4Address('10.0.214.187')}], 'Process Type': <ProcessType.REVERSE_SESSION_HANDLER: 10>}], 'Interface': [{'IP Address': IPv4Address('10.0.214.186')}]}, '10.0.214.187': {'Processes': [{'Connections': [{'local_port': 52650, 'remote_port': 4444, 'local_address': IPv4Address('10.0.214.187'), 'remote_address': IPv4Address('10.0.214.186')}], 'Process Type': <ProcessType.REVERSE_SESSION: 11>}, {'Connections': [{'local_port': 21, 'local_address': IPv4Address('10.0.214.187'), 'Status': <ProcessState.OPEN: 2>}], 'Process Type': <ProcessType.FEMITTER: 6>}], 'Interface': [{'IP Address': IPv4Address('10.0.214.187')}], 'Sessions': [{'ID': 5, 'Type': <SessionType.RED_REVERSE_SHELL: 11>, 'Agent': 'Red'}], 'System info': {'Hostname': 'User1', 'OSType': <OperatingSystemType.WINDOWS: 2>}}}",0.1
19,Remove User3,{'success': <TrinaryEnum.TRUE: 1>},-0.1,PrivilegeEscalate User1,"{'success': <TrinaryEnum.TRUE: 1>, 'User1': {'Sessions': [{'Username': 'SYSTEM', 'ID': 1, 'Timeout': 0, 'PID': 28578, 'Type': <SessionType.RED_REVERSE_SHELL: 11>, 'Agent': 'Red'}], 'Processes': [{'PID': 28578, 'Username': 'SYSTEM'}], 'Interface': [{'Interface Name': 'eth0', 'IP Address': IPv4Address('10.0.214.187'), 'Subnet': IPv4Network('10.0.214.176/28')}]}, 'Enterprise1': {'Interface': [{'IP Address': IPv4Address('10.0.120.158')}]}}",0.1
20,Remove User3,"{'success': <TrinaryEnum.TRUE: 1>, 'Enterprise1': {'Processes': [{'Connections': [{'local_port': 22, 'remote_port': 52272, 'local_address': IPv4Address('10.0.120.158'), 'remote_address': IPv4Address('10.0.214.186')}]}, {'Connections': [{'local_port': 135, 'remote_port': 51100, 'local_address': IPv4Address('10.0.120.158'), 'remote_address': IPv4Address('10.0.214.186')}]}, {'Connections': [{'local_port': 3389, 'remote_port': 59119, 'local_address': IPv4Address('10.0.120.158'), 'remote_address': IPv4Address('10.0.214.186')}]}, {'Connections': [{'local_port': 445, 'remote_port': 59789, 'local_address': IPv4Address('10.0.120.158'), 'remote_address': IPv4Address('10.0.214.186')}]}, {'Connections': [{'local_port': 139, 'remote_port': 52404, 'local_address': IPv4Address('10.0.120.158'), 'remote_address': IPv4Address('10.0.214.186')}]}, {'Connections': [{'local_port': 80, 'remote_port': 54106, 'local_address': IPv4Address('10.0.120.158'), 'remote_address': IPv4Address('10.0.214.186')}]}, {'Connections': [{'local_port': 443, 'remote_port': 53739, 'local_address': IPv4Address('10.0.120.158'), 'remote_address': IPv4Address('10.0.214.186')}]}, {'Connections': [{'local_port': 21, 'remote_port': 52137, 'local_address': IPv4Address('10.0.120.158'), 'remote_address': IPv4Address('10.0.214.186')}]}], 'Interface': [{'IP Address': IPv4Address('10.0.120.158')}], 'System info': {'Hostname': 'Enterprise1', 'OSType': <OperatingSystemType.WINDOWS: 2>, 'OSDistribution': <OperatingSystemDistribution.WINDOWS_SVR_2008: 4>, 'OSVersion': <OperatingSystemVersion.W6_1_7601: 13>, 'Architecture': <Architecture.x64: 2>}}}",-0.1,DiscoverNetworkServices Enterprise1,"{'success': <TrinaryEnum.TRUE: 1>, '10.0.120.158': {'Processes': [{'Connections': [{'local_port': 22, 'local_address': IPv4Address('10.0.120.158')}]}, {'Connections': [{'local_port': 135, 'local_address': IPv4Address('10.0.120.158')}]}, {'Connections': [{'local_port': 3389, 'local_address': IPv4Address('10.0.120.158')}]}, {'Connections': [{'local_port': 445, 'local_address': IPv4Address('10.0.120.158')}]}, {'Connections': [{'local_port': 139, 'local_address': IPv4Address('10.0.120.158')}]}, {'Connections': [{'local_port': 80, 'local_address': IPv4Address('10.0.120.158')}]}, {'Connections': [{'local_port': 443, 'local_address': IPv4Address('10.0.120.158')}]}, {'Connections': [{'local_port': 21, 'local_address': IPv4Address('10.0.120.158')}]}], 'Interface': [{'IP Address': IPv4Address('10.0.120.158')}]}}",0.1
21,Remove User3,"{'success': <TrinaryEnum.TRUE: 1>, 'Enterprise1': {'Processes': [{'Connections': [{'local_port': 80, 'remote_port': 59435, 'local_address': IPv4Address('10.0.120.158'), 'remote_address': IPv4Address('10.0.214.186')}]}, {'PID': 1431, 'Connections': [{'local_port': 50484, 'remote_port': 4444, 'local_address': IPv4Address('10.0.120.158'), 'remote_address': IPv4Address('10.0.214.186')}]}], 'Interface': [{'IP Address': IPv4Address('10.0.120.158')}], 'System info': {'Hostname': 'Enterprise1', 'OSType': <OperatingSystemType.WINDOWS: 2>, 'OSDistribution': <OperatingSystemDistribution.WINDOWS_SVR_2008: 4>, 'OSVersion': <OperatingSystemVersion.W6_1_7601: 13>, 'Architecture': <Architecture.x64: 2>}}}",-0.1,ExploitRemoteService Enterprise1,"{'success': <TrinaryEnum.TRUE: 1>, '10.0.214.186': {'Processes': [{'Connections': [{'local_port': 4444, 'remote_port': 50484, 'local_address': IPv4Address('10.0.214.186'), 'remote_address': IPv4Address('10.0.120.158')}], 'Process Type': <ProcessType.REVERSE_SESSION_HANDLER: 10>}], 'Interface': [{'IP Address': IPv4Address('10.0.214.186')}]}, '10.0.120.158': {'Processes': [{'Connections': [{'local_port': 50484, 'remote_port': 4444, 'local_address': IPv4Address('10.0.120.158'), 'remote_address': IPv4Address('10.0.214.186')}], 'Process Type': <ProcessType.REVERSE_SESSION: 11>}, {'Connections': [{'local_port': 80, 'local_address': IPv4Address('10.0.120.158'), 'Status': <ProcessState.OPEN: 2>}], 'Process Type': <ProcessType.WEBSERVER: 7>}], 'Interface': [{'IP Address': IPv4Address('10.0.120.158')}], 'Sessions': [{'ID': 6, 'Type': <SessionType.RED_REVERSE_SHELL: 11>, 'Agent': 'Red'}], 'System info': {'Hostname': 'Enterprise1', 'OSType': <OperatingSystemType.WINDOWS: 2>}}}",0.1
22,Restore Enterprise1,{'success': <TrinaryEnum.TRUE: 1>},-1.1,PrivilegeEscalate Enterprise1,{'success': <TrinaryEnum.FALSE: 3>},1.1
23,Remove User3,{'success': <TrinaryEnum.TRUE: 1>},-0.1,ExploitRemoteService Enterprise1,{'success': <TrinaryEnum.FALSE: 3>},0.1
24,Remove User3,"{'success': <TrinaryEnum.TRUE: 1>, 'User1': {'Processes': [{'Connections': [{'local_port': 21, 'remote_port': 49456, 'local_address': IPv4Address('10.0.214.187'), 'remote_address': IPv4Address('10.0.214.186')}]}, {'PID': 2664, 'Connections': [{'local_port': 49845, 'remote_port': 4444, 'local_address': IPv4Address('10.0.214.187'), 'remote_address': IPv4Address('10.0.214.186')}]}], 'Interface': [{'IP Address': IPv4Address('10.0.214.187')}], 'System info': {'Hostname': 'User1', 'OSType': <OperatingSystemType.WINDOWS: 2>, 'OSDistribution': <OperatingSystemDistribution.WINDOWS_SVR_2008: 4>, 'OSVersion': <OperatingSystemVersion.W6_1_7601: 13>, 'Architecture': <Architecture.x64: 2>}}}",-0.1,ExploitRemoteService User1,"{'success': <TrinaryEnum.TRUE: 1>, '10.0.214.186': {'Processes': [{'Connections': [{'local_port': 4444, 'remote_port': 49845, 'local_address': IPv4Address('10.0.214.186'), 'remote_address': IPv4Address('10.0.214.187')}], 'Process Type': <ProcessType.REVERSE_SESSION_HANDLER: 10>}], 'Interface': [{'IP Address': IPv4Address('10.0.214.186')}]}, '10.0.214.187': {'Processes': [{'Connections': [{'local_port': 49845, 'remote_port': 4444, 'local_address': IPv4Address('10.0.214.187'), 'remote_address': IPv4Address('10.0.214.186')}], 'Process Type': <ProcessType.REVERSE_SESSION: 11>}, {'Connections': [{'local_port': 21, 'local_address': IPv4Address('10.0.214.187'), 'Status': <ProcessState.OPEN: 2>}], 'Process Type': <ProcessType.FEMITTER: 6>}], 'Interface': [{'IP Address': IPv4Address('10.0.214.187')}], 'Sessions': [{'ID': 7, 'Type': <SessionType.RED_REVERSE_SHELL: 11>, 'Agent': 'Red'}], 'System info': {'Hostname': 'User1', 'OSType': <OperatingSystemType.WINDOWS: 2>}}}",0.1
25,Remove User3,{'success': <TrinaryEnum.TRUE: 1>},-0.1,PrivilegeEscalate User1,"{'success': <TrinaryEnum.TRUE: 1>, 'User1': {'Sessions': [{'Username': 'SYSTEM', 'ID': 1, 'Timeout': 0, 'PID': 28578, 'Type': <SessionType.RED_REVERSE_SHELL: 11>, 'Agent': 'Red'}], 'Processes': [{'PID': 28578, 'Username': 'SYSTEM'}], 'Interface': [{'Interface Name': 'eth0', 'IP Address': IPv4Address('10.0.214.187'), 'Subnet': IPv4Network('10.0.214.176/28')}]}, 'Enterprise1': {'Interface': [{'IP Address': IPv4Address('10.0.120.158')}]}}",0.1
26,Remove User3,"{'success': <TrinaryEnum.TRUE: 1>, 'Enterprise1': {'Processes': [{'Connections': [{'local_port': 22, 'remote_port': 55163, 'local_address': IPv4Address('10.0.120.158'), 'remote_address': IPv4Address('10.0.214.186')}]}, {'Connections': [{'local_port': 135, 'remote_port': 58449, 'local_address': IPv4Address('10.0.120.158'), 'remote_address': IPv4Address('10.0.214.186')}]}, {'Connections': [{'local_port': 3389, 'remote_port': 49840, 'local_address': IPv4Address('10.0.120.158'), 'remote_address': IPv4Address('10.0.214.186')}]}, {'Connections': [{'local_port': 445, 'remote_port': 59106, 'local_address': IPv4Address('10.0.120.158'), 'remote_address': IPv4Address('10.0.214.186')}]}, {'Connections': [{'local_port': 139, 'remote_port': 59889, 'local_address': IPv4Address('10.0.120.158'), 'remote_address': IPv4Address('10.0.214.186')}]}, {'Connections': [{'local_port': 80, 'remote_port': 57253, 'local_address': IPv4Address('10.0.120.158'), 'remote_address': IPv4Address('10.0.214.186')}]}, {'Connections': [{'local_port': 443, 'remote_port': 59705, 'local_address': IPv4Address('10.0.120.158'), 'remote_address': IPv4Address('10.0.214.186')}]}], 'Interface': [{'IP Address': IPv4Address('10.0.120.158')}], 'System info': {'Hostname': 'Enterprise1', 'OSType': <OperatingSystemType.WINDOWS: 2>, 'OSDistribution': <OperatingSystemDistribution.WINDOWS_SVR_2008: 4>, 'OSVersion': <OperatingSystemVersion.W6_1_7601: 13>, 'Architecture': <Architecture.x64: 2>}}}",-0.1,DiscoverNetworkServices Enterprise1,"{'success': <TrinaryEnum.TRUE: 1>, '10.0.120.158': {'Processes': [{'Connections': [{'local_port': 22, 'local_address': IPv4Address('10.0.120.158')}]}, {'Connections': [{'local_port': 135, 'local_address': IPv4Address('10.0.120.158')}]}, {'Connections': [{'local_port': 3389, 'local_address': IPv4Address('10.0.120.158')}]}, {'Connections': [{'local_port': 445, 'local_address': IPv4Address('10.0.120.158')}]}, {'Connections': [{'local_port': 139, 'local_address': IPv4Address('10.0.120.158')}]}, {'Connections': [{'local_port': 80, 'local_address': IPv4Address('10.0.120.158')}]}, {'Connections': [{'local_port': 443, 'local_address': IPv4Address('10.0.120.158')}]}], 'Interface': [{'IP Address': IPv4Address('10.0.120.158')}]}}",0.1
27,Remove User3,"{'success': <TrinaryEnum.TRUE: 1>, 'Enterprise1': {'Processes': [{'Connections': [{'local_port': 443, 'remote_port': 57965, 'local_address': IPv4Address('10.0.120.158'), 'remote_address': IPv4Address('10.0.214.186')}]}, {'PID': 13621, 'Connections': [{'local_port': 52073, 'remote_port': 4444, 'local_address': IPv4Address('10.0.120.158'), 'remote_address': IPv4Address('10.0.214.186')}]}], 'Interface': [{'IP Address': IPv4Address('10.0.120.158')}], 'System info': {'Hostname': 'Enterprise1', 'OSType': <OperatingSystemType.WINDOWS: 2>, 'OSDistribution': <OperatingSystemDistribution.WINDOWS_SVR_2008: 4>, 'OSVersion': <OperatingSystemVersion.W6_1_7601: 13>, 'Architecture': <Architecture.x64: 2>}}}",-0.1,ExploitRemoteService Enterprise1,"{'success': <TrinaryEnum.TRUE: 1>, '10.0.214.186': {'Processes': [{'Connections': [{'local_port': 4444, 'remote_port': 52073, 'local_address': IPv4Address('10.0.214.186'), 'remote_address': IPv4Address('10.0.120.158')}], 'Process Type': <ProcessType.REVERSE_SESSION_HANDLER: 10>}], 'Interface': [{'IP Address': IPv4Address('10.0.214.186')}]}, '10.0.120.158': {'Processes': [{'Connections': [{'local_port': 52073, 'remote_port': 4444, 'local_address': IPv4Address('10.0.120.158'), 'remote_address': IPv4Address('10.0.214.186')}], 'Process Type': <ProcessType.REVERSE_SESSION: 11>}, {'Connections': [{'local_port': 443, 'local_address': IPv4Address('10.0.120.158'), 'Status': <ProcessState.OPEN: 2>}], 'Process Type': <ProcessType.WEBSERVER: 7>}], 'Interface': [{'IP Address': IPv4Address('10.0.120.158')}], 'Sessions': [{'ID': 8, 'Type': <SessionType.RED_REVERSE_SHELL: 11>, 'Agent': 'Red'}], 'System info': {'Hostname': 'Enterprise1', 'OSType': <OperatingSystemType.WINDOWS: 2>}}}",0.1
28,Restore Enterprise1,{'success': <TrinaryEnum.TRUE: 1>},-1.1,PrivilegeEscalate Enterprise1,{'success': <TrinaryEnum.FALSE: 3>},1.1
29,Remove User3,"{'success': <TrinaryEnum.TRUE: 1>, 'Enterprise1': {'Processes': [{'Connections': [{'local_port': 443, 'remote_port': 54681, 'local_address': IPv4Address('10.0.120.158'), 'remote_address': IPv4Address('10.0.214.186')}]}, {'PID': 6141, 'Connections': [{'local_port': 55168, 'remote_port': 4444, 'local_address': IPv4Address('10.0.120.158'), 'remote_address': IPv4Address('10.0.214.186')}]}], 'Interface': [{'IP Address': IPv4Address('10.0.120.158')}], 'System info': {'Hostname': 'Enterprise1', 'OSType': <OperatingSystemType.WINDOWS: 2>, 'OSDistribution': <OperatingSystemDistribution.WINDOWS_SVR_2008: 4>, 'OSVersion': <OperatingSystemVersion.W6_1_7601: 13>, 'Architecture': <Architecture.x64: 2>}}}",-0.1,ExploitRemoteService Enterprise1,"{'success': <TrinaryEnum.TRUE: 1>, '10.0.214.186': {'Processes': [{'Connections': [{'local_port': 4444, 'remote_port': 55168, 'local_address': IPv4Address('10.0.214.186'), 'remote_address': IPv4Address('10.0.120.158')}], 'Process Type': <ProcessType.REVERSE_SESSION_HANDLER: 10>}], 'Interface': [{'IP Address': IPv4Address('10.0.214.186')}]}, '10.0.120.158': {'Processes': [{'Connections': [{'local_port': 55168, 'remote_port': 4444, 'local_address': IPv4Address('10.0.120.158'), 'remote_address': IPv4Address('10.0.214.186')}], 'Process Type': <ProcessType.REVERSE_SESSION: 11>}, {'Connections': [{'local_port': 443, 'local_address': IPv4Address('10.0.120.158'), 'Status': <ProcessState.OPEN: 2>}], 'Process Type': <ProcessType.WEBSERVER: 7>}], 'Interface': [{'IP Address': IPv4Address('10.0.120.158')}], 'Sessions': [{'ID': 9, 'Type': <SessionType.RED_REVERSE_SHELL: 11>, 'Agent': 'Red'}], 'System info': {'Hostname': 'Enterprise1', 'OSType': <OperatingSystemType.WINDOWS: 2>}}}",0.1
30,Restore Enterprise1,{'success': <TrinaryEnum.TRUE: 1>},-1.1,PrivilegeEscalate Enterprise1,{'success': <TrinaryEnum.FALSE: 3>},1.1
31,Remove User3,"{'success': <TrinaryEnum.TRUE: 1>, 'Enterprise1': {'Processes': [{'Connections': [{'local_port': 443, 'remote_port': 58711, 'local_address': IPv4Address('10.0.120.158'), 'remote_address': IPv4Address('10.0.214.186')}]}, {'PID': 23652, 'Connections': [{'local_port': 53895, 'remote_port': 4444, 'local_address': IPv4Address('10.0.120.158'), 'remote_address': IPv4Address('10.0.214.186')}]}], 'Interface': [{'IP Address': IPv4Address('10.0.120.158')}], 'System info': {'Hostname': 'Enterprise1', 'OSType': <OperatingSystemType.WINDOWS: 2>, 'OSDistribution': <OperatingSystemDistribution.WINDOWS_SVR_2008: 4>, 'OSVersion': <OperatingSystemVersion.W6_1_7601: 13>, 'Architecture': <Architecture.x64: 2>}}}",-0.1,ExploitRemoteService Enterprise1,"{'success': <TrinaryEnum.TRUE: 1>, '10.0.214.186': {'Processes': [{'Connections': [{'local_port': 4444, 'remote_port': 53895, 'local_address': IPv4Address('10.0.214.186'), 'remote_address': IPv4Address('10.0.120.158')}], 'Process Type': <ProcessType.REVERSE_SESSION_HANDLER: 10>}], 'Interface': [{'IP Address': IPv4Address('10.0.214.186')}]}, '10.0.120.158': {'Processes': [{'Connections': [{'local_port': 53895, 'remote_port': 4444, 'local_address': IPv4Address('10.0.120.158'), 'remote_address': IPv4Address('10.0.214.186')}], 'Process Type': <ProcessType.REVERSE_SESSION: 11>}, {'Connections': [{'local_port': 443, 'local_address': IPv4Address('10.0.120.158'), 'Status': <ProcessState.OPEN: 2>}], 'Process Type': <ProcessType.WEBSERVER: 7>}], 'Interface': [{'IP Address': IPv4Address('10.0.120.158')}], 'Sessions': [{'ID': 10, 'Type': <SessionType.RED_REVERSE_SHELL: 11>, 'Agent': 'Red'}], 'System info': {'Hostname': 'Enterprise1', 'OSType': <OperatingSystemType.WINDOWS: 2>}}}",0.1
32,Restore Enterprise1,{'success': <TrinaryEnum.TRUE: 1>},-1.1,PrivilegeEscalate Enterprise1,{'success': <TrinaryEnum.FALSE: 3>},1.1
33,Remove User3,"{'success': <TrinaryEnum.TRUE: 1>, 'Enterprise1': {'Processes': [{'Connections': [{'local_port': 443, 'remote_port': 49942, 'local_address': IPv4Address('10.0.120.158'), 'remote_address': IPv4Address('10.0.214.186')}]}, {'PID': 11769, 'Connections': [{'local_port': 54196, 'remote_port': 4444, 'local_address': IPv4Address('10.0.120.158'), 'remote_address': IPv4Address('10.0.214.186')}]}], 'Interface': [{'IP Address': IPv4Address('10.0.120.158')}], 'System info': {'Hostname': 'Enterprise1', 'OSType': <OperatingSystemType.WINDOWS: 2>, 'OSDistribution': <OperatingSystemDistribution.WINDOWS_SVR_2008: 4>, 'OSVersion': <OperatingSystemVersion.W6_1_7601: 13>, 'Architecture': <Architecture.x64: 2>}}}",-0.1,ExploitRemoteService Enterprise1,"{'success': <TrinaryEnum.TRUE: 1>, '10.0.214.186': {'Processes': [{'Connections': [{'local_port': 4444, 'remote_port': 54196, 'local_address': IPv4Address('10.0.214.186'), 'remote_address': IPv4Address('10.0.120.158')}], 'Process Type': <ProcessType.REVERSE_SESSION_HANDLER: 10>}], 'Interface': [{'IP Address': IPv4Address('10.0.214.186')}]}, '10.0.120.158': {'Processes': [{'Connections': [{'local_port': 54196, 'remote_port': 4444, 'local_address': IPv4Address('10.0.120.158'), 'remote_address': IPv4Address('10.0.214.186')}], 'Process Type': <ProcessType.REVERSE_SESSION: 11>}, {'Connections': [{'local_port': 443, 'local_address': IPv4Address('10.0.120.158'), 'Status': <ProcessState.OPEN: 2>}], 'Process Type': <ProcessType.WEBSERVER: 7>}], 'Interface': [{'IP Address': IPv4Address('10.0.120.158')}], 'Sessions': [{'ID': 11, 'Type': <SessionType.RED_REVERSE_SHELL: 11>, 'Agent': 'Red'}], 'System info': {'Hostname': 'Enterprise1', 'OSType': <OperatingSystemType.WINDOWS: 2>}}}",0.1
34,Restore Enterprise1,{'success': <TrinaryEnum.TRUE: 1>},-1.1,PrivilegeEscalate Enterprise1,{'success': <TrinaryEnum.FALSE: 3>},1.1
35,Remove User3,"{'success': <TrinaryEnum.TRUE: 1>, 'Enterprise1': {'Processes': [{'Connections': [{'local_port': 443, 'remote_port': 55946, 'local_address': IPv4Address('10.0.120.158'), 'remote_address': IPv4Address('10.0.214.186')}]}, {'PID': 6514, 'Connections': [{'local_port': 50932, 'remote_port': 4444, 'local_address': IPv4Address('10.0.120.158'), 'remote_address': IPv4Address('10.0.214.186')}]}], 'Interface': [{'IP Address': IPv4Address('10.0.120.158')}], 'System info': {'Hostname': 'Enterprise1', 'OSType': <OperatingSystemType.WINDOWS: 2>, 'OSDistribution': <OperatingSystemDistribution.WINDOWS_SVR_2008: 4>, 'OSVersion': <OperatingSystemVersion.W6_1_7601: 13>, 'Architecture': <Architecture.x64: 2>}}}",-0.1,ExploitRemoteService Enterprise1,"{'success': <TrinaryEnum.TRUE: 1>, '10.0.214.186': {'Processes': [{'Connections': [{'local_port': 4444, 'remote_port': 50932, 'local_address': IPv4Address('10.0.214.186'), 'remote_address': IPv4Address('10.0.120.158')}], 'Process Type': <ProcessType.REVERSE_SESSION_HANDLER: 10>}], 'Interface': [{'IP Address': IPv4Address('10.0.214.186')}]}, '10.0.120.158': {'Processes': [{'Connections': [{'local_port': 50932, 'remote_port': 4444, 'local_address': IPv4Address('10.0.120.158'), 'remote_address': IPv4Address('10.0.214.186')}], 'Process Type': <ProcessType.REVERSE_SESSION: 11>}, {'Connections': [{'local_port': 443, 'local_address': IPv4Address('10.0.120.158'), 'Status': <ProcessState.OPEN: 2>}], 'Process Type': <ProcessType.WEBSERVER: 7>}], 'Interface': [{'IP Address': IPv4Address('10.0.120.158')}], 'Sessions': [{'ID': 12, 'Type': <SessionType.RED_REVERSE_SHELL: 11>, 'Agent': 'Red'}], 'System info': {'Hostname': 'Enterprise1', 'OSType': <OperatingSystemType.WINDOWS: 2>}}}",0.1
36,Restore Enterprise1,{'success': <TrinaryEnum.TRUE: 1>},-1.1,PrivilegeEscalate Enterprise1,{'success': <TrinaryEnum.FALSE: 3>},1.1
37,Remove User3,"{'success': <TrinaryEnum.TRUE: 1>, 'Enterprise1': {'Processes': [{'Connections': [{'local_port': 3389, 'remote_port': 54782, 'local_address': IPv4Address('10.0.120.158'), 'remote_address': IPv4Address('10.0.214.186')}]}, {'PID': 31397, 'Connections': [{'local_port': 51188, 'remote_port': 4444, 'local_address': IPv4Address('10.0.120.158'), 'remote_address': IPv4Address('10.0.214.186')}]}], 'Interface': [{'IP Address': IPv4Address('10.0.120.158')}], 'System info': {'Hostname': 'Enterprise1', 'OSType': <OperatingSystemType.WINDOWS: 2>, 'OSDistribution': <OperatingSystemDistribution.WINDOWS_SVR_2008: 4>, 'OSVersion': <OperatingSystemVersion.W6_1_7601: 13>, 'Architecture': <Architecture.x64: 2>}}}",-1.1,ExploitRemoteService Enterprise1,"{'success': <TrinaryEnum.TRUE: 1>, '10.0.214.186': {'Processes': [{'Connections': [{'local_port': 4444, 'remote_port': 51188, 'local_address': IPv4Address('10.0.214.186'), 'remote_address': IPv4Address('10.0.120.158')}], 'Process Type': <ProcessType.REVERSE_SESSION_HANDLER: 10>}], 'Interface': [{'IP Address': IPv4Address('10.0.214.186')}]}, '10.0.120.158': {'Processes': [{'Connections': [{'local_port': 51188, 'remote_port': 4444, 'local_address': IPv4Address('10.0.120.158'), 'remote_address': IPv4Address('10.0.214.186')}], 'Process Type': <ProcessType.REVERSE_SESSION: 11>}, {'Connections': [{'local_port': 3389, 'local_address': IPv4Address('10.0.120.158'), 'Status': <ProcessState.OPEN: 2>}], 'Process Type': <ProcessType.RDP: 9>}], 'Interface': [{'IP Address': IPv4Address('10.0.120.158')}], 'Sessions': [{'ID': 13, 'Type': <SessionType.RED_REVERSE_SHELL: 11>, 'Agent': 'Red'}], 'System info': {'Hostname': 'Enterprise1', 'OSType': <OperatingSystemType.WINDOWS: 2>}}}",1.1
38,Restore Enterprise1,{'success': <TrinaryEnum.TRUE: 1>},-1.1,PrivilegeEscalate Enterprise1,{'success': <TrinaryEnum.FALSE: 3>},1.1
39,Remove User3,"{'success': <TrinaryEnum.TRUE: 1>, 'Enterprise1': {'Processes': [{'Connections': [{'local_port': 443, 'remote_port': 51702, 'local_address': IPv4Address('10.0.120.158'), 'remote_address': IPv4Address('10.0.214.186')}]}, {'PID': 24613, 'Connections': [{'local_port': 51880, 'remote_port': 4444, 'local_address': IPv4Address('10.0.120.158'), 'remote_address': IPv4Address('10.0.214.186')}]}], 'Interface': [{'IP Address': IPv4Address('10.0.120.158')}], 'System info': {'Hostname': 'Enterprise1', 'OSType': <OperatingSystemType.WINDOWS: 2>, 'OSDistribution': <OperatingSystemDistribution.WINDOWS_SVR_2008: 4>, 'OSVersion': <OperatingSystemVersion.W6_1_7601: 13>, 'Architecture': <Architecture.x64: 2>}}}",-0.1,ExploitRemoteService Enterprise1,"{'success': <TrinaryEnum.TRUE: 1>, '10.0.214.186': {'Processes': [{'Connections': [{'local_port': 4444, 'remote_port': 51880, 'local_address': IPv4Address('10.0.214.186'), 'remote_address': IPv4Address('10.0.120.158')}], 'Process Type': <ProcessType.REVERSE_SESSION_HANDLER: 10>}], 'Interface': [{'IP Address': IPv4Address('10.0.214.186')}]}, '10.0.120.158': {'Processes': [{'Connections': [{'local_port': 51880, 'remote_port': 4444, 'local_address': IPv4Address('10.0.120.158'), 'remote_address': IPv4Address('10.0.214.186')}], 'Process Type': <ProcessType.REVERSE_SESSION: 11>}, {'Connections': [{'local_port': 443, 'local_address': IPv4Address('10.0.120.158'), 'Status': <ProcessState.OPEN: 2>}], 'Process Type': <ProcessType.WEBSERVER: 7>}], 'Interface': [{'IP Address': IPv4Address('10.0.120.158')}], 'Sessions': [{'ID': 14, 'Type': <SessionType.RED_REVERSE_SHELL: 11>, 'Agent': 'Red'}], 'System info': {'Hostname': 'Enterprise1', 'OSType': <OperatingSystemType.WINDOWS: 2>}}}",0.1
40,Restore Enterprise1,{'success': <TrinaryEnum.TRUE: 1>},-1.1,PrivilegeEscalate Enterprise1,{'success': <TrinaryEnum.FALSE: 3>},1.1
41,Remove User3,"{'success': <TrinaryEnum.TRUE: 1>, 'Enterprise1': {'Processes': [{'Connections': [{'local_port': 443, 'remote_port': 52773, 'local_address': IPv4Address('10.0.120.158'), 'remote_address': IPv4Address('10.0.214.186')}]}, {'PID': 25219, 'Connections': [{'local_port': 50153, 'remote_port': 4444, 'local_address': IPv4Address('10.0.120.158'), 'remote_address': IPv4Address('10.0.214.186')}]}], 'Interface': [{'IP Address': IPv4Address('10.0.120.158')}], 'System info': {'Hostname': 'Enterprise1', 'OSType': <OperatingSystemType.WINDOWS: 2>, 'OSDistribution': <OperatingSystemDistribution.WINDOWS_SVR_2008: 4>, 'OSVersion': <OperatingSystemVersion.W6_1_7601: 13>, 'Architecture': <Architecture.x64: 2>}}}",-0.1,ExploitRemoteService Enterprise1,"{'success': <TrinaryEnum.TRUE: 1>, '10.0.214.186': {'Processes': [{'Connections': [{'local_port': 4444, 'remote_port': 50153, 'local_address': IPv4Address('10.0.214.186'), 'remote_address': IPv4Address('10.0.120.158')}], 'Process Type': <ProcessType.REVERSE_SESSION_HANDLER: 10>}], 'Interface': [{'IP Address': IPv4Address('10.0.214.186')}]}, '10.0.120.158': {'Processes': [{'Connections': [{'local_port': 50153, 'remote_port': 4444, 'local_address': IPv4Address('10.0.120.158'), 'remote_address': IPv4Address('10.0.214.186')}], 'Process Type': <ProcessType.REVERSE_SESSION: 11>}, {'Connections': [{'local_port': 443, 'local_address': IPv4Address('10.0.120.158'), 'Status': <ProcessState.OPEN: 2>}], 'Process Type': <ProcessType.WEBSERVER: 7>}], 'Interface': [{'IP Address': IPv4Address('10.0.120.158')}], 'Sessions': [{'ID': 15, 'Type': <SessionType.RED_REVERSE_SHELL: 11>, 'Agent': 'Red'}], 'System info': {'Hostname': 'Enterprise1', 'OSType': <OperatingSystemType.WINDOWS: 2>}}}",0.1
42,Restore Enterprise1,{'success': <TrinaryEnum.TRUE: 1>},-1.1,PrivilegeEscalate Enterprise1,{'success': <TrinaryEnum.FALSE: 3>},1.1
43,Remove User3,"{'success': <TrinaryEnum.TRUE: 1>, 'Enterprise1': {'Processes': [{'Connections': [{'local_port': 443, 'remote_port': 58734, 'local_address': IPv4Address('10.0.120.158'), 'remote_address': IPv4Address('10.0.214.186')}]}, {'PID': 27724, 'Connections': [{'local_port': 52711, 'remote_port': 4444, 'local_address': IPv4Address('10.0.120.158'), 'remote_address': IPv4Address('10.0.214.186')}]}], 'Interface': [{'IP Address': IPv4Address('10.0.120.158')}], 'System info': {'Hostname': 'Enterprise1', 'OSType': <OperatingSystemType.WINDOWS: 2>, 'OSDistribution': <OperatingSystemDistribution.WINDOWS_SVR_2008: 4>, 'OSVersion': <OperatingSystemVersion.W6_1_7601: 13>, 'Architecture': <Architecture.x64: 2>}}}",-0.1,ExploitRemoteService Enterprise1,"{'success': <TrinaryEnum.TRUE: 1>, '10.0.214.186': {'Processes': [{'Connections': [{'local_port': 4444, 'remote_port': 52711, 'local_address': IPv4Address('10.0.214.186'), 'remote_address': IPv4Address('10.0.120.158')}], 'Process Type': <ProcessType.REVERSE_SESSION_HANDLER: 10>}], 'Interface': [{'IP Address': IPv4Address('10.0.214.186')}]}, '10.0.120.158': {'Processes': [{'Connections': [{'local_port': 52711, 'remote_port': 4444, 'local_address': IPv4Address('10.0.120.158'), 'remote_address': IPv4Address('10.0.214.186')}], 'Process Type': <ProcessType.REVERSE_SESSION: 11>}, {'Connections': [{'local_port': 443, 'local_address': IPv4Address('10.0.120.158'), 'Status': <ProcessState.OPEN: 2>}], 'Process Type': <ProcessType.WEBSERVER: 7>}], 'Interface': [{'IP Address': IPv4Address('10.0.120.158')}], 'Sessions': [{'ID': 16, 'Type': <SessionType.RED_REVERSE_SHELL: 11>, 'Agent': 'Red'}], 'System info': {'Hostname': 'Enterprise1', 'OSType': <OperatingSystemType.WINDOWS: 2>}}}",0.1
44,Restore Enterprise1,{'success': <TrinaryEnum.TRUE: 1>},-1.1,PrivilegeEscalate Enterprise1,{'success': <TrinaryEnum.FALSE: 3>},1.1
45,Remove User3,"{'success': <TrinaryEnum.TRUE: 1>, 'Enterprise1': {'Processes': [{'Connections': [{'local_port': 443, 'remote_port': 52296, 'local_address': IPv4Address('10.0.120.158'), 'remote_address': IPv4Address('10.0.214.186')}]}, {'PID': 7537, 'Connections': [{'local_port': 55025, 'remote_port': 4444, 'local_address': IPv4Address('10.0.120.158'), 'remote_address': IPv4Address('10.0.214.186')}]}], 'Interface': [{'IP Address': IPv4Address('10.0.120.158')}], 'System info': {'Hostname': 'Enterprise1', 'OSType': <OperatingSystemType.WINDOWS: 2>, 'OSDistribution': <OperatingSystemDistribution.WINDOWS_SVR_2008: 4>, 'OSVersion': <OperatingSystemVersion.W6_1_7601: 13>, 'Architecture': <Architecture.x64: 2>}}}",-0.1,ExploitRemoteService Enterprise1,"{'success': <TrinaryEnum.TRUE: 1>, '10.0.214.186': {'Processes': [{'Connections': [{'local_port': 4444, 'remote_port': 55025, 'local_address': IPv4Address('10.0.214.186'), 'remote_address': IPv4Address('10.0.120.158')}], 'Process Type': <ProcessType.REVERSE_SESSION_HANDLER: 10>}], 'Interface': [{'IP Address': IPv4Address('10.0.214.186')}]}, '10.0.120.158': {'Processes': [{'Connections': [{'local_port': 55025, 'remote_port': 4444, 'local_address': IPv4Address('10.0.120.158'), 'remote_address': IPv4Address('10.0.214.186')}], 'Process Type': <ProcessType.REVERSE_SESSION: 11>}, {'Connections': [{'local_port': 443, 'local_address': IPv4Address('10.0.120.158'), 'Status': <ProcessState.OPEN: 2>}], 'Process Type': <ProcessType.WEBSERVER: 7>}], 'Interface': [{'IP Address': IPv4Address('10.0.120.158')}], 'Sessions': [{'ID': 17, 'Type': <SessionType.RED_REVERSE_SHELL: 11>, 'Agent': 'Red'}], 'System info': {'Hostname': 'Enterprise1', 'OSType': <OperatingSystemType.WINDOWS: 2>}}}",0.1
46,Restore Enterprise1,{'success': <TrinaryEnum.TRUE: 1>},-1.1,PrivilegeEscalate Enterprise1,{'success': <TrinaryEnum.FALSE: 3>},1.1
47,Remove User3,"{'success': <TrinaryEnum.TRUE: 1>, 'Enterprise1': {'Processes': [{'Connections': [{'local_port': 443, 'remote_port': 57296, 'local_address': IPv4Address('10.0.120.158'), 'remote_address': IPv4Address('10.0.214.186')}]}, {'PID': 16808, 'Connections': [{'local_port': 55672, 'remote_port': 4444, 'local_address': IPv4Address('10.0.120.158'), 'remote_address': IPv4Address('10.0.214.186')}]}], 'Interface': [{'IP Address': IPv4Address('10.0.120.158')}], 'System info': {'Hostname': 'Enterprise1', 'OSType': <OperatingSystemType.WINDOWS: 2>, 'OSDistribution': <OperatingSystemDistribution.WINDOWS_SVR_2008: 4>, 'OSVersion': <OperatingSystemVersion.W6_1_7601: 13>, 'Architecture': <Architecture.x64: 2>}}}",-0.1,ExploitRemoteService Enterprise1,"{'success': <TrinaryEnum.TRUE: 1>, '10.0.214.186': {'Processes': [{'Connections': [{'local_port': 4444, 'remote_port': 55672, 'local_address': IPv4Address('10.0.214.186'), 'remote_address': IPv4Address('10.0.120.158')}], 'Process Type': <ProcessType.REVERSE_SESSION_HANDLER: 10>}], 'Interface': [{'IP Address': IPv4Address('10.0.214.186')}]}, '10.0.120.158': {'Processes': [{'Connections': [{'local_port': 55672, 'remote_port': 4444, 'local_address': IPv4Address('10.0.120.158'), 'remote_address': IPv4Address('10.0.214.186')}], 'Process Type': <ProcessType.REVERSE_SESSION: 11>}, {'Connections': [{'local_port': 443, 'local_address': IPv4Address('10.0.120.158'), 'Status': <ProcessState.OPEN: 2>}], 'Process Type': <ProcessType.WEBSERVER: 7>}], 'Interface': [{'IP Address': IPv4Address('10.0.120.158')}], 'Sessions': [{'ID': 18, 'Type': <SessionType.RED_REVERSE_SHELL: 11>, 'Agent': 'Red'}], 'System info': {'Hostname': 'Enterprise1', 'OSType': <OperatingSystemType.WINDOWS: 2>}}}",0.1
48,Restore Enterprise1,{'success': <TrinaryEnum.TRUE: 1>},-1.1,PrivilegeEscalate Enterprise1,{'success': <TrinaryEnum.FALSE: 3>},1.1
49,Remove User3,"{'success': <TrinaryEnum.TRUE: 1>, 'Enterprise1': {'Processes': [{'Connections': [{'local_port': 443, 'remote_port': 56662, 'local_address': IPv4Address('10.0.120.158'), 'remote_address': IPv4Address('10.0.214.186')}]}, {'PID': 23700, 'Connections': [{'local_port': 55345, 'remote_port': 4444, 'local_address': IPv4Address('10.0.120.158'), 'remote_address': IPv4Address('10.0.214.186')}]}], 'Interface': [{'IP Address': IPv4Address('10.0.120.158')}], 'System info': {'Hostname': 'Enterprise1', 'OSType': <OperatingSystemType.WINDOWS: 2>, 'OSDistribution': <OperatingSystemDistribution.WINDOWS_SVR_2008: 4>, 'OSVersion': <OperatingSystemVersion.W6_1_7601: 13>, 'Architecture': <Architecture.x64: 2>}}}",-0.1,ExploitRemoteService Enterprise1,"{'success': <TrinaryEnum.TRUE: 1>, '10.0.214.186': {'Processes': [{'Connections': [{'local_port': 4444, 'remote_port': 55345, 'local_address': IPv4Address('10.0.214.186'), 'remote_address': IPv4Address('10.0.120.158')}], 'Process Type': <ProcessType.REVERSE_SESSION_HANDLER: 10>}], 'Interface': [{'IP Address': IPv4Address('10.0.214.186')}]}, '10.0.120.158': {'Processes': [{'Connections': [{'local_port': 55345, 'remote_port': 4444, 'local_address': IPv4Address('10.0.120.158'), 'remote_address': IPv4Address('10.0.214.186')}], 'Process Type': <ProcessType.REVERSE_SESSION: 11>}, {'Connections': [{'local_port': 443, 'local_address': IPv4Address('10.0.120.158'), 'Status': <ProcessState.OPEN: 2>}], 'Process Type': <ProcessType.WEBSERVER: 7>}], 'Interface': [{'IP Address': IPv4Address('10.0.120.158')}], 'Sessions': [{'ID': 19, 'Type': <SessionType.RED_REVERSE_SHELL: 11>, 'Agent': 'Red'}], 'System info': {'Hostname': 'Enterprise1', 'OSType': <OperatingSystemType.WINDOWS: 2>}}}",0.1
